id,nombre,tipo1,tipo2,total,hp,ataque,defensa,atq_esp,def_esp,velocidad,generacion,legendario
1,Vopepio,Volador,,614,123,62,127,120,95,87,1,Falso
2,Nudolín,Roca,Normal,446,25,47,57,127,74,116,1,Falso
3,Drepeix,Lucha,Volador,513,81,93,79,97,121,42,1,Falso
4,Tlalotor,Eléctrico,,281,71,57,27,67,28,31,1,Falso
5,Grunetor,Roca,,506,125,38,67,105,93,78,1,Falso
6,Lulinta,Roca,Volador,324,115,86,41,20,30,32,1,Falso
7,Lumozel,Agua,,381,77,111,54,48,30,61,1,Falso
8,Lunelín,Acero,Volador,421,46,109,101,20,29,116,1,Falso
9,Chachilín,Bicho,Roca,498,80,29,85,123,62,119,1,Falso
10,Iximotzin,Siniestro,Volador,572,104,99,85,116,102,66,1,Falso
11,Panetzin,Fuego,Agua,458,85,96,63,114,55,45,1,Falso
12,Nuble,Agua,,361,61,95,47,33,82,43,1,Falso
13,Tetor,Lucha,Bicho,414,127,51,62,44,71,59,1,Falso
14,Hurón,Planta,Normal,420,21,104,103,100,58,34,1,Falso
15,Flotapio,Fuego,Agua,373,112,45,42,89,47,38,1,Falso
16,Javitzin,Agua,,452,107,107,59,59,32,88,1,Falso
17,Plantalín,Agua,,596,116,129,119,49,79,104,1,Falso
18,Bradoble,Hielo,Agua,455,111,96,69,77,55,47,1,Falso
19,Rocapio,Fantasma,,498,100,94,93,28,110,73,1,Falso
20,Grulomon,Siniestro,,440,66,55,95,75,92,57,1,Falso
21,Nuchilín,Fantasma,,598,98,128,126,107,108,31,1,Falso
22,Tlahielo,Agua,,370,70,69,27,108,37,59,1,Falso
23,Zadosar,Veneno,Agua,465,71,103,60,105,39,87,1,Falso
24,Grusar,Roca,,431,38,46,130,44,117,56,1,Falso
25,Quevico,Psíquico,,531,68,112,122,63,120,46,1,Falso
26,Zemolín,Dragón,Agua,531,96,64,70,100,125,76,1,Falso
27,Ixiplanta,Bicho,,309,67,34,45,42,39,82,1,Falso
28,Samon,Planta,Dragón,556,116,51,92,101,70,126,1,Falso
29,Sadosar,Fuego,Roca,490,95,43,117,31,100,104,1,Falso
30,Fuegopio,Normal,,533,119,110,58,40,88,118,1,Falso
31,Tlachitor,Acero,Tierra,564,115,93,80,111,48,117,1,Falso
32,Hielotor,Hielo,,408,118,69,53,75,67,26,1,Falso
33,Zemosar,Bicho,Normal,381,36,128,33,99,27,58,1,Falso
34,Savible,Fuego,Volador,758,146,153,81,139,116,123,1,Verdadero
35,Ixinezel,Roca,Acero,501,82,40,101,75,97,106,1,Falso
36,Luvitzin,Fuego,Volador,363,108,93,81,28,22,31,1,Falso
37,Zemozel,Fantasma,,432,49,66,38,46,106,127,1,Falso
38,Sataplanta,Volador,,651,114,148,142,61,76,110,1,Verdadero
39,Grupeco,Lucha,Volador,447,129,59,85,60,46,68,1,Falso
40,Chadolín,Hada,,508,97,104,77,121,29,80,1,Falso
41,Drechinta,Agua,,376,36,28,128,90,41,53,1,Falso
42,Konemon,Fuego,Volador,468,125,66,75,44,50,108,1,Falso
43,Xomorón,Normal,,460,89,59,66,115,34,97,1,Falso
44,Panelín,Volador,Agua,530,32,84,97,78,116,123,1,Falso
45,Chalipio,Agua,Eléctrico,578,124,124,70,111,68,81,1,Falso
46,Cuepeco,Agua,Planta,438,22,119,92,51,114,40,1,Falso
47,Nuzuble,Agua,,606,129,75,121,76,118,87,1,Falso
48,Techisar,Acero,,500,96,106,96,46,115,41,1,Falso
49,Cuetor,Veneno,Tierra,365,99,55,29,77,33,72,1,Falso
50,Lumolín,Fuego,,345,55,37,128,21,67,37,1,Falso
51,Vozurón,Psíquico,,347,63,70,27,40,101,46,1,Falso
52,Mozel,Fuego,,667,103,126,73,118,163,84,1,Verdadero
53,Tetarón,Planta,Volador,439,72,74,98,47,37,111,1,Falso
54,Rocalín,Eléctrico,,578,127,38,108,88,114,103,1,Falso
55,Ixicamon,Normal,,574,117,125,130,79,72,51,1,Falso
56,Javico,Normal,,487,115,53,62,94,105,58,1,Falso
57,Rinelín,Bicho,,554,115,123,56,88,52,120,1,Falso
58,Kochible,Veneno,Hielo,480,21,129,94,107,53,76,1,Falso
59,Papeble,Bicho,,341,27,97,45,26,83,63,1,Falso
60,Japetor,Volador,,517,21,103,122,58,93,120,1,Falso
61,Bramonta,Fantasma,Planta,383,86,80,110,23,44,40,1,Falso
62,Tlapemon,Planta,Volador,441,60,20,55,113,90,103,1,Falso
63,Ixirapio,Dragón,Volador,478,112,81,30,77,63,115,1,Falso
64,Cuenenta,Veneno,,420,109,70,129,39,38,35,1,Falso
65,Zepeble,Psíquico,Dragón,486,117,62,129,111,21,46,1,Falso
66,Brator,Tierra,,436,44,127,85,107,43,30,1,Falso
67,Xoco,Bicho,,328,68,94,48,23,24,71,1,Falso
68,Zeble,Bicho,Agua,394,57,63,85,37,115,37,1,Falso
69,Zezupio,Eléctrico,,609,105,118,110,62,116,98,1,Falso
70,Konenta,Bicho,Agua,435,97,52,41,93,129,23,1,Falso
71,Bratzin,Tierra,,420,22,38,126,81,126,27,1,Falso
72,Tlazunta,Normal,,363,101,21,56,110,35,40,1,Falso
73,Zacamon,Planta,,600,70,123,127,37,127,116,1,Falso
74,Zatasar,Tierra,,424,25,67,113,70,87,62,1,Falso
75,Rilinta,Veneno,,555,96,94,87,90,100,88,1,Falso
76,Zetatzin,Normal,Dragón,436,77,45,106,86,42,80,1,Falso
77,Jalorón,Agua,,444,28,62,60,103,63,128,1,Falso
78,Ripetor,Agua,,495,123,60,120,90,23,79,1,Falso
79,Tlavirón,Fantasma,,447,37,66,77,85,99,83,1,Falso
80,Nuneco,Planta,,595,96,115,109,130,98,47,1,Falso
81,Brazuzel,Eléctrico,,421,55,95,86,108,34,43,1,Falso
82,Cuelín,Normal,Bicho,573,71,113,86,81,99,123,1,Falso
83,Rivizel,Planta,Normal,402,95,51,103,43,69,41,1,Falso
84,Tlaloroca,Eléctrico,,390,111,49,64,55,56,55,1,Falso
85,Picalín,Roca,,445,91,69,81,75,100,29,1,Falso
86,Riperón,Siniestro,,419,42,89,39,68,79,102,1,Falso
87,Fuegoco,Tierra,,497,51,99,68,129,85,65,1,Falso
88,Floloix,Planta,,380,42,46,74,59,42,117,1,Falso
89,Sator,Hada,,582,119,124,65,41,119,114,1,Falso
90,Cuevico,Agua,Volador,416,26,33,26,81,129,121,1,Falso
91,Tlarazel,Normal,,518,86,115,126,117,25,49,1,Falso
92,Quesar,Bicho,,521,116,110,70,116,42,67,1,Falso
93,Rocaco,Roca,Agua,429,127,59,99,88,25,31,1,Falso
94,Chamozel,Eléctrico,Psíquico,455,95,102,95,52,91,20,1,Falso
95,Braperón,Eléctrico,,542,120,75,40,71,128,108,1,Falso
96,Ixipemon,Hada,Volador,369,87,23,34,34,103,88,1,Falso
97,Nuloix,Psíquico,,502,70,119,67,91,126,29,1,Falso
98,Pible,Normal,,402,52,53,90,49,119,39,1,Falso
99,Tlacalín,Veneno,,399,112,55,25,50,27,130,1,Falso
100,Lucaagua,Bicho,Volador,645,83,74,152,88,167,81,1,Verdadero
101,Quelimon,Hielo,,355,78,29,50,36,51,111,1,Falso
102,Cuechiix,Psíquico,Eléctrico,526,109,37,42,102,121,115,1,Falso
103,Sanerón,Fantasma,,547,125,103,74,86,69,90,1,Falso
104,Ritor,Fantasma,,485,124,47,62,106,100,46,1,Falso
105,Moble,Normal,,315,111,41,28,33,34,68,1,Falso
106,Janefuego,Planta,,355,96,87,25,73,36,38,1,Falso
107,Tlavimon,Tierra,,355,50,47,36,68,92,62,1,Falso
108,Ixivilín,Planta,Volador,401,22,78,82,78,78,63,1,Falso
109,Cuevihielo,Veneno,,450,87,78,48,46,108,83,1,Falso
110,Cuerazel,Psíquico,,441,70,56,68,99,55,93,1,Falso
111,Dreperón,Bicho,Fuego,420,117,97,29,55,73,49,1,Falso
112,Zeramon,Lucha,,300,55,34,43,26,44,98,1,Falso
113,Jamozel,Agua,Volador,328,75,30,30,35,90,68,1,Falso
114,Jachinta,Bicho,,322,41,44,70,96,22,49,1,Falso
115,Xolible,Lucha,,722,152,97,104,116,114,139,1,Verdadero
116,Movimon,Normal,,560,59,121,114,126,87,53,1,Falso
117,Ixinetor,Veneno,,444,37,50,96,101,81,79,1,Falso
118,Zechitzin,Siniestro,Planta,457,84,38,70,64,112,89,1,Falso
119,Tecatzin,Roca,Tierra,538,60,73,84,120,75,126,1,Falso
120,Zepesar,Eléctrico,Fantasma,478,111,59,128,97,42,41,1,Falso
121,Flovico,Psíquico,Normal,603,82,136,114,145,65,61,2,Verdadero
122,Dretator,Siniestro,Tierra,473,111,24,97,124,90,27,2,Falso
123,Cuezuzel,Normal,Volador,434,45,105,124,39,67,54,2,Falso
124,Pable,Lucha,Siniestro,487,105,88,47,99,115,33,2,Falso
125,Hupenta,Fuego,Siniestro,539,60,86,55,123,103,112,2,Falso
126,Cuechimon,Hielo,,609,119,103,89,80,96,122,2,Falso
127,Quevitor,Normal,Psíquico,444,105,116,54,62,63,44,2,Falso
128,Panta,Tierra,,528,39,85,100,77,124,103,2,Falso
129,Saneco,Dragón,Acero,542,88,62,85,94,101,112,2,Falso
130,Cuelimon,Normal,Planta,393,123,65,64,73,39,29,2,Falso
131,Charanta,Agua,Eléctrico,439,101,27,22,120,57,112,2,Falso
132,Drezumon,Lucha,Tierra,436,101,33,29,73,71,129,2,Falso
133,Ritarón,Roca,Normal,527,76,47,87,98,118,101,2,Falso
134,Quemonta,Fuego,Volador,278,28,38,37,25,94,56,2,Falso
135,Gruvitor,Psíquico,,263,27,46,41,70,27,52,2,Falso
136,Queliix,Roca,,444,129,91,31,39,114,40,2,Falso
137,Lucaix,Psíquico,,525,114,62,71,89,70,119,2,Falso
138,Fuegomon,Volador,,455,35,113,87,74,69,77,2,Falso
139,Huchirón,Normal,,334,58,101,47,44,36,48,2,Falso
140,Mopepio,Volador,Agua,484,113,30,129,63,73,76,2,Falso
141,Morón,Siniestro,Agua,368,120,56,33,49,23,87,2,Falso
142,Tetzin,Volador,,414,85,95,36,52,45,101,2,Falso
143,Hucasar,Normal,Hada,482,41,101,111,69,64,96,2,Falso
144,Savisar,Fantasma,Eléctrico,481,97,67,129,56,109,23,2,Falso
145,Grumolín,Normal,Volador,515,117,71,105,23,90,109,2,Falso
146,Ixitazel,Tierra,,688,65,138,132,152,88,113,2,Verdadero
147,Quevihielo,Agua,,556,90,116,35,107,95,113,2,Falso
148,Picarón,Planta,,528,119,94,35,117,62,101,2,Falso
149,Tlamozel,Normal,,485,48,122,31,106,127,51,2,Falso
150,Vovilín,Fuego,Agua,462,74,108,126,36,37,81,2,Falso
151,Drepeco,Agua,Psíquico,345,52,43,38,49,93,70,2,Falso
152,Vomosar,Lucha,,434,94,54,58,105,34,89,2,Falso
153,Brataco,Normal,,614,130,123,96,51,85,129,2,Falso
154,Mochipio,Normal,Volador,443,120,44,125,68,23,63,2,Falso
155,Cuecasar,Fuego,,537,60,94,96,84,113,90,2,Falso
156,Pipio,Fuego,,334,23,49,54,52,124,32,2,Falso
157,Bramoco,Acero,,436,43,129,100,41,43,80,2,Falso
158,Gruzuzel,Volador,,472,43,62,124,113,80,50,2,Falso
159,Zepemon,Lucha,,419,109,119,63,63,25,40,2,Falso
160,Mopesar,Normal,,606,129,98,103,82,119,75,2,Falso
161,Koix,Eléctrico,,597,116,122,81,127,112,39,2,Falso
162,Salozel,Agua,Veneno,436,92,119,68,89,36,32,2,Falso
163,Ixicaix,Veneno,,508,87,37,40,124,95,125,2,Falso
164,Gruvipio,Siniestro,,433,46,62,98,58,115,54,2,Falso
165,Quecapio,Roca,,451,118,43,93,107,54,36,2,Falso
166,Bratable,Volador,Fuego,395,39,68,79,32,85,92,2,Falso
167,Hunepio,Volador,,277,67,28,66,51,31,34,2,Falso
168,Mocasar,Tierra,Volador,522,28,113,56,127,86,112,2,Falso
169,Dredotor,Lucha,Fuego,431,44,105,43,86,77,76,2,Falso
170,Tlanesar,Eléctrico,Fuego,544,111,121,107,61,114,30,2,Falso
171,Queneco,Roca,,431,89,79,53,123,20,67,2,Falso
172,Zeloix,Veneno,Volador,584,94,97,127,122,105,39,2,Falso
173,Jamonta,Agua,,361,82,93,62,32,42,50,2,Falso
174,Xolitzin,Planta,,379,33,96,85,20,125,20,2,Falso
175,Flovirón,Hada,Volador,477,123,43,129,92,25,65,2,Falso
176,Korafuego,Volador,Agua,398,106,69,55,28,92,48,2,Falso
177,Jalohielo,Lucha,Volador,528,123,122,71,102,83,27,2,Falso
178,Xocazel,Eléctrico,,375,22,52,123,72,34,72,2,Falso
179,Lupeco,Eléctrico,Volador,383,68,125,35,60,29,66,2,Falso
180,Saramon,Psíquico,Hielo,366,80,35,65,101,57,28,2,Falso
181,Grunesar,Normal,Lucha,382,51,113,68,79,40,31,2,Falso
182,Zaloix,Bicho,,431,46,80,41,109,79,76,2,Falso
183,Chavico,Agua,Hada,428,46,66,28,77,105,106,2,Falso
184,Dreranta,Agua,,460,45,43,71,76,127,98,2,Falso
185,Voneagua,Veneno,,379,125,51,59,63,47,34,2,Falso
186,Luloix,Lucha,Fuego,382,52,110,53,70,42,55,2,Falso
187,Patamon,Roca,Psíquico,396,56,72,68,66,59,75,2,Falso
188,Cuesar,Bicho,Volador,471,55,123,76,26,62,129,2,Falso
189,Pitaco,Hada,,462,100,80,119,26,111,26,2,Falso
190,Vocatzin,Planta,Fantasma,360,115,34,43,126,22,20,2,Falso
191,Kovible,Eléctrico,,339,25,20,83,47,126,38,2,Falso
192,Nuvico,Hielo,Agua,454,70,33,75,108,38,130,2,Falso
193,Flotzin,Normal,,498,92,23,109,125,23,126,2,Falso
194,Piratzin,Hada,,504,76,74,74,115,84,81,2,Falso
195,Quelitzin,Roca,Bicho,572,85,61,125,72,115,114,2,Falso
196,Teraco,Veneno,Fuego,382,45,67,33,33,126,78,2,Falso
197,Chamoco,Eléctrico,,668,110,127,115,67,124,125,2,Falso
198,Grumon,Dragón,Volador,477,44,113,71,64,96,89,2,Falso
199,Tlachico,Dragón,,396,127,97,20,69,22,61,2,Falso
200,Richipio,Psíquico,Normal,413,20,128,45,43,53,124,2,Falso
201,Hudorón,Agua,,382,81,65,100,36,74,26,2,Falso
202,Chacable,Psíquico,Agua,454,61,128,114,94,34,23,2,Falso
203,Rinetzin,Planta,Fuego,421,41,112,82,88,43,55,2,Falso
204,Papetzin,Volador,Eléctrico,534,81,82,101,99,77,94,2,Verdadero
205,Zarator,Volador,Tierra,733,105,168,159,61,146,94,2,Verdadero
206,Pamosar,Veneno,Bicho,511,32,119,37,105,119,99,2,Falso
207,Salizel,Planta,,493,127,110,71,69,64,52,2,Falso
208,Dreraix,Planta,Agua,536,67,115,49,91,109,105,2,Falso
209,Fuegotor,Agua,,336,85,25,23,77,46,80,2,Falso
210,Pitaix,Dragón,Agua,370,57,29,129,26,22,107,2,Falso
211,Chacapio,Lucha,Fuego,765,112,165,115,136,141,96,2,Verdadero
212,Gruchible,Planta,Volador,437,39,41,124,72,124,37,2,Falso
213,Flotaco,Planta,Volador,440,116,66,97,57,27,77,2,Falso
214,Hupeco,Acero,,418,29,122,21,33,109,104,2,Falso
215,Moroca,Bicho,,598,98,111,28,109,123,129,2,Falso
216,Ludorón,Agua,Roca,511,49,59,110,53,111,129,2,Falso
217,Pimorón,Acero,Agua,505,113,115,104,29,74,70,2,Falso
218,Ixiix,Acero,,578,61,119,115,120,128,35,2,Falso
219,Lumoroca,Tierra,,411,38,21,62,49,116,125,2,Falso
220,Pamotzin,Lucha,Psíquico,466,94,47,93,60,74,98,2,Falso
221,Drerón,Agua,,452,110,92,51,58,42,99,2,Falso
222,Tlataplanta,Eléctrico,,423,94,22,74,23,102,108,2,Falso
223,Numon,Acero,,585,122,44,110,125,69,115,2,Falso
224,Vovifuego,Agua,Eléctrico,355,52,82,21,32,117,51,2,Falso
225,Quevirón,Roca,Normal,368,43,76,69,78,73,29,2,Falso
226,Vopesar,Normal,,512,128,88,36,97,80,83,2,Falso
227,Motzin,Acero,,317,81,31,60,28,51,66,2,Falso
228,Chacasar,Normal,Roca,488,97,121,51,50,121,48,2,Falso
229,Fuegorón,Fuego,,396,102,59,76,65,49,45,2,Falso
230,Hucalín,Planta,Dragón,431,99,55,59,53,109,56,2,Falso
231,Terator,Acero,,387,92,94,22,29,53,97,2,Falso
232,Gruvimon,Roca,Planta,484,47,85,71,129,49,103,2,Falso
233,Zacable,Normal,,319,43,31,48,97,60,40,2,Falso
234,Konelín,Veneno,,398,53,74,65,101,85,20,2,Falso
235,Pilifuego,Bicho,Normal,400,58,68,107,52,27,88,2,Falso
236,Rilotor,Volador,Siniestro,380,99,100,22,57,43,59,2,Falso
237,Palín,Hada,,472,104,56,57,109,103,43,2,Falso
238,Hutator,Fantasma,Roca,430,54,119,41,127,41,48,2,Falso
239,Zedotor,Agua,Volador,361,123,44,38,50,43,63,2,Falso
240,Pimon,Agua,,502,81,105,129,94,34,59,2,Falso
241,Korapio,Veneno,Eléctrico,317,31,25,91,57,61,52,2,Falso
242,Xoraix,Normal,Lucha,534,35,102,79,108,93,117,2,Falso
243,Rizupio,Bicho,Hielo,398,48,31,61,121,117,20,2,Falso
244,Brachico,Lucha,Agua,378,59,58,49,101,86,25,2,Falso
245,Jatanta,Normal,Roca,483,40,28,111,53,126,125,2,Falso
246,Samopio,Dragón,Acero,636,111,85,127,91,102,120,2,Falso
247,Nuzumon,Normal,,498,120,32,119,67,87,73,2,Falso
248,Pator,Dragón,Siniestro,504,33,109,66,107,90,99,2,Falso
249,Rivible,Veneno,,481,93,86,127,64,33,78,2,Falso
250,Dretaco,Eléctrico,,366,100,90,38,81,22,35,2,Falso
251,Votable,Normal,Psíquico,454,63,70,105,52,126,38,2,Falso
252,Lurón,Planta,Volador,360,111,35,46,112,22,34,2,Falso
253,Xorapio,Fantasma,Agua,579,94,97,92,90,111,95,2,Falso
254,Tlatzin,Roca,,528,61,74,93,117,57,126,2,Falso
255,Zazusar,Eléctrico,,446,91,54,44,69,121,67,2,Falso
256,Chadotzin,Agua,,481,36,103,100,75,130,37,2,Falso
257,Nupetor,Planta,,480,104,46,107,77,60,86,2,Falso
258,Kolizel,Veneno,,832,61,170,139,163,156,143,2,Verdadero
259,Gruneplanta,Fuego,Agua,719,165,99,125,71,134,125,3,Verdadero
260,Nunenta,Tierra,Agua,431,71,33,93,130,27,77,3,Falso
261,Zatatzin,Eléctrico,,547,39,107,82,107,126,86,3,Falso
262,Papio,Normal,Hielo,548,27,73,126,110,126,86,3,Falso
263,Flolitzin,Veneno,Normal,705,118,149,154,63,151,70,3,Verdadero
264,Pitor,Psíquico,,651,91,88,170,78,125,99,3,Verdadero
265,Brazel,Siniestro,Volador,477,87,50,122,124,44,50,3,Falso
266,Quelopio,Agua,Tierra,603,111,82,80,109,106,115,3,Falso
267,Lulosar,Agua,Siniestro,498,74,35,84,130,73,102,3,Falso
268,Pazuzel,Planta,,369,73,57,61,109,27,42,3,Falso
269,Xomopio,Agua,,505,76,108,31,78,127,85,3,Falso
270,Bramorón,Dragón,,456,103,49,96,106,54,48,3,Falso
271,Nudorón,Fuego,Volador,504,111,25,126,20,117,105,3,Falso
272,Lulomon,Roca,,504,35,49,121,106,119,74,3,Falso
273,Jachitzin,Siniestro,Psíquico,441,127,72,32,43,75,92,3,Falso
274,Koneco,Fantasma,,468,128,80,44,41,120,55,3,Falso
275,Zerator,Planta,,388,95,22,85,79,30,77,3,Falso
276,Bralolín,Roca,,613,128,94,119,70,130,72,3,Falso
277,Ripio,Tierra,,449,83,93,74,97,80,22,3,Falso
278,Flozuix,Bicho,Lucha,468,121,117,55,25,56,94,3,Falso
279,Ixitalín,Fantasma,,405,47,102,69,53,113,21,3,Falso
280,Nunemon,Planta,Volador,420,30,110,78,39,82,81,3,Falso
281,Palico,Fuego,Roca,523,35,104,26,111,129,118,3,Falso
282,Jamoble,Normal,,418,92,21,88,62,39,116,3,Falso
283,Grumomon,Bicho,,477,89,54,88,72,75,99,3,Falso
284,Xodopio,Volador,Eléctrico,531,103,53,114,86,49,126,3,Falso
285,Zetazel,Normal,Agua,541,103,64,107,103,56,108,3,Falso
286,Saviix,Acero,Volador,417,47,24,48,128,104,66,3,Falso
287,Sarapio,Volador,,526,94,82,45,118,100,87,3,Falso
288,Pachiagua,Acero,Normal,470,86,88,64,62,55,115,3,Falso
289,Nudoix,Psíquico,Agua,503,28,101,112,105,35,122,3,Falso
290,Queraagua,Agua,,424,89,109,40,42,88,56,3,Falso
291,Zazunta,Bicho,Volador,438,32,117,31,114,25,119,3,Falso
292,Huchimon,Tierra,,568,79,130,67,127,91,74,3,Falso
293,Gruchizel,Roca,,545,77,116,76,127,86,63,3,Verdadero
294,Ritazel,Bicho,Psíquico,479,75,66,117,71,84,66,3,Falso
295,Teco,Fantasma,Normal,342,56,44,119,46,40,37,3,Falso
296,Iximorón,Roca,Volador,459,87,38,31,82,117,104,3,Falso
297,Tlalico,Hielo,,498,43,68,96,102,85,104,3,Falso
298,Floix,Normal,,528,65,112,80,81,104,86,3,Falso
299,Grulisar,Agua,Volador,414,102,74,93,68,23,54,3,Falso
300,Huviroca,Bicho,Agua,280,30,41,69,30,22,88,3,Falso
301,Brararoca,Roca,Planta,457,113,128,31,54,54,77,3,Falso
302,Molitor,Lucha,,404,112,57,57,44,38,96,3,Falso
303,Piramon,Psíquico,,398,92,29,87,48,47,95,3,Falso
304,Vodolín,Normal,,407,118,28,97,44,32,88,3,Falso
305,Tlalimon,Bicho,Veneno,559,112,77,48,80,127,115,3,Falso
306,Hielotzin,Hielo,Volador,668,98,125,98,130,106,111,3,Falso
307,Ixilitor,Planta,,500,58,75,76,94,102,95,3,Falso
308,Dretapio,Siniestro,Bicho,481,54,105,67,89,96,70,3,Falso
309,Drelirón,Bicho,,540,105,93,50,90,95,107,3,Falso
310,Ricator,Normal,,397,66,46,82,121,53,29,3,Falso
311,Pavible,Normal,Bicho,484,53,101,111,81,103,35,3,Falso
312,Luchizel,Roca,,422,43,130,71,50,98,30,3,Falso
313,Ixico,Psíquico,,565,65,127,105,100,120,48,3,Falso
314,Zechinta,Bicho,,639,123,114,127,91,76,108,3,Falso
315,Lumohielo,Volador,Normal,355,28,119,57,58,55,38,3,Falso
316,Nunta,Acero,,395,92,47,20,92,26,118,3,Falso
317,Voloplanta,Dragón,,550,94,101,110,102,50,93,3,Falso
318,Plantaco,Hada,,381,81,58,53,70,26,93,3,Falso
319,Chacaco,Fuego,Siniestro,480,77,92,126,29,120,36,3,Falso
320,Huchilín,Fantasma,Normal,592,115,116,92,68,100,101,3,Falso
321,Mosar,Psíquico,,519,75,56,126,30,126,106,3,Falso
322,Vodoco,Lucha,Agua,384,75,35,96,24,45,109,3,Falso
323,Humopio,Bicho,Normal,480,105,118,83,23,47,104,3,Falso
324,Gruzupio,Tierra,Planta,425,90,84,29,31,124,67,3,Falso
325,Pazulín,Roca,,406,74,56,65,68,92,51,3,Falso
326,Rimotzin,Hada,Lucha,354,24,100,101,30,56,43,3,Falso
327,Kolorón,Agua,Roca,558,104,100,108,78,93,75,3,Falso
328,Tlaneble,Planta,Normal,528,39,78,110,116,91,94,3,Falso
329,Mozuix,Agua,Acero,408,29,103,123,86,40,27,3,Falso
330,Chazuco,Roca,Psíquico,556,126,86,88,94,81,81,3,Verdadero
331,Padozel,Bicho,,339,26,55,118,33,59,48,3,Falso
332,Drecaplanta,Agua,,307,96,26,67,77,21,20,3,Falso
333,Koneix,Agua,Volador,601,103,116,114,75,79,114,3,Falso
334,Cuedoix,Dragón,,485,45,49,125,130,107,29,3,Falso
335,Xotazel,Agua,Veneno,459,106,105,60,27,55,106,3,Falso
336,Jarón,Bicho,,453,86,23,88,114,80,62,3,Falso
337,Sadoix,Eléctrico,Volador,553,42,122,128,71,62,128,3,Falso
338,Chapio,Agua,,448,76,111,45,41,78,97,3,Falso
339,Dreviix,Roca,,380,49,27,20,91,65,128,3,Falso
340,Monta,Lucha,,387,110,54,31,27,40,125,3,Falso
341,Quecasar,Normal,Fantasma,422,82,41,116,79,27,77,3,Falso
342,Cuechipio,Agua,,489,130,29,60,22,119,129,3,Falso
343,Jatzin,Agua,,686,92,120,121,134,83,136,3,Verdadero
344,Nutalín,Agua,Normal,469,118,68,44,102,107,30,3,Falso
345,Cuezumon,Siniestro,,443,42,107,72,43,71,108,3,Falso
346,Grulín,Eléctrico,,633,130,92,114,99,85,113,3,Falso
347,Grucaco,Fuego,,347,61,42,74,117,24,29,3,Falso
348,Chacanta,Roca,,503,128,127,35,71,121,21,3,Falso
349,Flochirón,Agua,Volador,472,42,51,87,70,103,119,3,Falso
350,Zachifuego,Roca,Volador,380,54,31,105,76,29,85,3,Falso
351,Gruvizel,Roca,,371,106,65,43,66,67,24,3,Falso
352,Grutatzin,Roca,Agua,381,84,38,39,29,129,62,3,Falso
353,Drenetor,Veneno,,376,70,68,34,66,95,43,3,Falso
354,Cuechitzin,Tierra,Bicho,563,98,127,77,57,94,110,3,Falso
355,Mozuzel,Tierra,Normal,602,113,101,112,78,110,88,3,Falso
356,Brazumon,Normal,Volador,428,88,62,88,26,45,119,3,Falso
357,Flodofuego,Agua,Volador,508,120,108,39,37,108,96,3,Falso
358,Zecaco,Planta,Hielo,397,110,32,85,28,49,93,3,Falso
359,Japetzin,Planta,Eléctrico,495,113,93,80,30,71,108,3,Falso
360,Xocatzin,Fuego,,445,34,64,66,127,98,56,3,Falso
361,Braneble,Agua,,591,60,100,94,117,110,110,3,Falso
362,Bramosar,Hielo,Eléctrico,476,80,42,99,60,91,104,3,Falso
363,Kodotor,Fuego,Volador,532,125,125,60,122,71,29,3,Falso
364,Sacanta,Bicho,Agua,411,35,122,37,91,39,87,3,Falso
365,Nutapio,Hielo,Agua,302,22,65,38,98,56,23,3,Falso
366,Dreratzin,Dragón,Psíquico,423,82,61,82,67,106,25,3,Falso
367,Pacaco,Fuego,,699,146,99,61,154,91,148,3,Verdadero
368,Tlachitzin,Normal,Tierra,353,59,21,102,106,20,45,4,Falso
369,Nudomon,Agua,Normal,410,129,26,73,46,42,94,4,Falso
370,Quemomon,Agua,Volador,464,91,105,35,69,89,75,4,Falso
371,Grumoco,Normal,,476,79,39,99,96,36,127,4,Falso
372,Jataco,Bicho,Normal,393,114,49,26,37,128,39,4,Falso
373,Jadotor,Fuego,Eléctrico,446,84,66,30,114,51,101,4,Falso
374,Vosar,Acero,Hada,453,92,47,40,124,56,94,4,Falso
375,Lumoix,Psíquico,,345,31,56,34,46,121,57,4,Falso
376,Zaratzin,Hada,,527,95,37,114,124,58,99,4,Falso
377,Grunerón,Hielo,,601,86,108,107,105,71,124,4,Falso
378,Nuliix,Siniestro,,541,98,50,110,130,115,38,4,Falso
379,Flochitzin,Planta,,419,30,65,38,91,103,92,4,Falso
380,Cuedopio,Planta,,469,97,44,67,98,95,68,4,Falso
381,Hieloble,Agua,Hada,434,82,78,97,30,54,93,4,Falso
382,Flozuco,Acero,,392,39,105,51,47,98,52,4,Falso
383,Sadoco,Planta,Agua,396,101,99,24,47,81,44,4,Falso
384,Zelinta,Veneno,,495,83,104,26,60,104,118,4,Falso
385,Fuegosar,Eléctrico,,403,113,59,77,42,20,92,4,Falso
386,Mopeix,Bicho,Fuego,522,78,75,130,25,127,87,4,Falso
387,Brachitzin,Psíquico,Planta,331,23,41,77,70,81,39,4,Falso
388,Iximoplanta,Bicho,Hielo,397,32,130,103,77,24,31,4,Falso
389,Hulipio,Fuego,,428,23,115,30,72,107,81,4,Falso
390,Huneco,Fantasma,,538,50,98,66,129,121,74,4,Falso
391,Cuezel,Acero,Agua,553,87,119,107,52,95,93,4,Falso
392,Zenesar,Agua,,569,108,56,120,110,98,77,4,Falso
393,Motor,Planta,Agua,452,123,68,29,114,66,52,4,Falso
394,Xodorón,Normal,,445,91,40,120,63,50,81,4,Falso
395,Tepemon,Agua,,395,125,44,49,127,22,28,4,Falso
396,Xonetzin,Fuego,,526,116,51,30,100,119,110,4,Falso
397,Kolipio,Agua,Psíquico,320,23,83,46,26,62,80,4,Falso
398,Zenetor,Agua,,486,80,64,68,123,128,23,4,Falso
399,Flochitor,Agua,,461,96,125,66,46,70,58,4,Falso
400,Vorón,Agua,,332,62,120,54,38,20,38,4,Falso
401,Chamosar,Agua,,425,51,88,108,40,95,43,4,Falso
402,Pitasar,Veneno,Siniestro,387,33,66,60,94,114,20,4,Falso
403,Tlaviix,Acero,Veneno,379,74,54,82,79,29,61,4,Falso
404,Pilizel,Agua,Volador,430,81,42,61,87,66,93,4,Falso
405,Zalifuego,Agua,,492,123,35,74,47,100,113,4,Falso
406,Xovitor,Planta,Normal,365,85,43,23,78,112,24,4,Falso
407,Zachilín,Normal,,645,108,119,123,90,78,127,4,Verdadero
408,Pazupio,Volador,Eléctrico,490,56,115,27,68,123,101,4,Falso
409,Pimomon,Bicho,,361,48,38,58,45,60,112,4,Falso
410,Plantable,Agua,,440,53,130,57,33,44,123,4,Falso
411,Janeco,Volador,,402,59,23,93,108,98,21,4,Falso
412,Grumonta,Dragón,,335,22,85,29,52,22,125,4,Falso
413,Nuviagua,Hada,Dragón,463,71,31,121,90,84,66,4,Falso
414,Pineble,Fantasma,,617,98,60,92,91,149,127,4,Verdadero
415,Koramon,Eléctrico,Psíquico,518,65,116,119,62,122,34,4,Falso
416,Huzel,Normal,,420,35,75,78,108,96,28,4,Falso
417,Zelorón,Normal,Volador,495,92,73,127,64,113,26,4,Falso
418,Modotor,Lucha,Veneno,631,97,103,94,109,98,130,4,Falso
419,Savipio,Roca,Psíquico,329,24,62,23,53,80,87,4,Falso
420,Jaco,Planta,,408,29,49,64,101,89,76,4,Falso
421,Tlaplanta,Fantasma,Agua,457,62,124,81,82,47,61,4,Falso
422,Hieloix,Dragón,,475,76,56,94,118,41,90,4,Falso
423,Zamotor,Bicho,,450,123,35,115,27,121,29,4,Falso
424,Zecapio,Lucha,,406,90,129,58,63,23,43,4,Falso
425,Ixirón,Roca,,441,40,70,94,76,83,78,4,Falso
426,Jalizel,Fuego,Bicho,403,83,61,63,29,103,64,4,Falso
427,Vovisar,Volador,Fantasma,446,82,82,29,86,81,86,4,Falso
428,Pilisar,Dragón,Hada,423,25,113,111,38,22,114,4,Falso
429,Numonta,Planta,Tierra,530,117,112,82,76,84,59,4,Falso
430,Mocapio,Dragón,Hada,323,92,49,116,22,23,21,4,Falso
431,Chavible,Eléctrico,Planta,414,29,65,71,116,39,94,4,Falso
432,Branepio,Normal,,426,83,35,64,22,109,113,4,Falso
433,Dreix,Agua,Volador,586,131,64,112,132,76,71,4,Verdadero
434,Rocamon,Normal,Dragón,493,113,96,61,117,62,44,4,Falso
435,Ixivipio,Planta,Hada,555,123,102,80,54,112,84,4,Falso
436,Piloplanta,Agua,,473,41,88,104,99,65,76,4,Falso
437,Ixineagua,Siniestro,,440,72,128,83,45,63,49,4,Falso
438,Pacaroca,Planta,,657,73,130,127,71,126,130,4,Falso
439,Lutatzin,Eléctrico,,770,106,163,127,108,153,113,4,Verdadero
440,Salico,Normal,,409,76,99,40,74,38,82,4,Falso
441,Kovinta,Agua,Normal,377,51,91,20,55,81,79,4,Falso
442,Flodozel,Normal,,465,110,32,77,87,48,111,4,Falso
443,Grupelín,Agua,Volador,433,79,86,59,111,32,66,4,Falso
444,Numorón,Psíquico,,622,105,75,126,87,102,127,4,Verdadero
445,Zetamon,Volador,Normal,392,52,30,56,96,106,52,4,Falso
446,Branelín,Agua,,386,97,42,55,103,29,60,4,Falso
447,Votalín,Dragón,Eléctrico,434,77,105,89,38,71,54,4,Falso
448,Nucable,Agua,Acero,402,45,53,27,121,61,95,4,Falso
449,Drevilín,Psíquico,Hada,450,28,105,66,36,86,129,4,Falso
450,Rilopio,Bicho,,475,127,100,27,22,86,113,4,Falso
451,Zalico,Agua,,461,101,78,85,39,47,111,4,Falso
452,Gruliix,Planta,Volador,510,109,32,58,115,72,124,4,Falso
453,Drevipio,Planta,Volador,356,73,90,49,23,57,64,4,Falso
454,Tlacaco,Veneno,,434,70,106,38,100,79,41,4,Falso
455,Pipeix,Agua,,514,32,89,53,121,119,100,4,Falso
456,Palitzin,Planta,,561,67,127,30,130,107,100,4,Falso
457,Cuecamon,Lucha,,436,80,129,25,90,39,73,4,Falso
458,Mozumon,Normal,Planta,410,59,61,128,44,28,90,4,Falso
459,Vomoble,Normal,,474,105,125,30,104,49,61,4,Falso
460,Drezusar,Normal,,538,122,102,126,113,22,53,4,Falso
461,Cuelisar,Normal,Agua,732,65,170,167,84,153,93,4,Verdadero
462,Sarator,Planta,Volador,408,41,38,101,91,113,24,4,Falso
463,Tlamorón,Normal,,429,129,70,39,20,82,89,4,Falso
464,Zenemon,Agua,,423,66,29,56,98,103,71,4,Falso
465,Quetarón,Veneno,,388,44,30,57,94,90,73,4,Falso
466,Janeble,Acero,,545,72,61,103,125,79,105,4,Falso
467,Ixichiix,Psíquico,Planta,378,61,50,38,89,50,90,4,Falso
468,Tlaranta,Roca,,570,66,102,99,65,127,111,4,Falso
469,Hunerón,Veneno,Volador,408,43,33,94,74,79,85,4,Falso
470,Lulirón,Siniestro,Hada,443,122,96,20,52,28,125,4,Falso
471,Ridorón,Eléctrico,,465,112,80,66,31,69,107,4,Falso
472,Zetator,Lucha,,474,56,39,128,71,58,122,4,Falso
473,Nuneix,Normal,,450,43,106,65,115,53,68,4,Falso
474,Tlapeble,Bicho,Fuego,399,57,41,53,117,100,31,4,Falso
475,Sapeble,Volador,Fantasma,538,87,121,95,32,114,89,4,Falso
476,Voix,Veneno,Roca,477,71,115,115,55,42,79,4,Falso
477,Tlamotor,Lucha,,499,56,126,104,88,28,97,4,Falso
478,Zanenta,Roca,,500,64,64,24,115,129,104,4,Falso
479,Flodopio,Psíquico,,322,59,22,44,28,123,46,4,Falso
480,Aguanta,Agua,Psíquico,431,84,92,55,57,41,102,4,Falso
481,Zelozel,Fantasma,,427,103,25,91,98,75,35,4,Falso
482,Fuegolín,Agua,Bicho,388,48,23,33,108,97,79,4,Falso
483,Xovirón,Agua,Psíquico,285,43,73,50,64,25,30,4,Falso
484,Vorarón,Agua,,472,119,81,89,21,55,107,4,Falso
485,Fuegoble,Acero,Agua,341,40,42,94,34,79,52,4,Falso
486,Quedomon,Normal,,396,124,119,20,46,44,43,4,Falso
487,Motamon,Planta,,423,114,119,43,47,72,28,4,Falso
488,Nuchimon,Siniestro,,423,42,22,117,93,40,109,4,Falso
489,Bratapio,Agua,Volador,756,99,149,158,80,161,109,4,Verdadero
490,Kozupio,Hada,,392,75,68,29,93,103,24,4,Falso
491,Hulopio,Bicho,Agua,399,85,28,30,80,67,109,4,Falso
492,Flonenta,Tierra,Psíquico,407,96,35,93,100,33,50,4,Falso
493,Vomoix,Planta,Psíquico,362,44,92,80,54,64,28,4,Falso
494,Flolomon,Agua,,483,46,69,81,106,92,89,4,Falso
495,Temomon,Siniestro,,475,106,35,66,74,112,82,4,Falso
496,Luranta,Agua,,437,69,52,39,121,121,35,4,Falso
497,Luraco,Hielo,Roca,491,115,54,72,104,38,108,4,Falso
498,Cuevitor,Normal,,404,27,83,65,129,23,77,4,Falso
499,Rocaix,Planta,,369,98,98,35,78,28,32,4,Falso
500,Flopio,Volador,Psíquico,415,50,72,82,35,100,76,4,Falso
501,Bravipio,Normal,Volador,517,68,42,100,78,101,128,4,Falso
502,Paix,Fantasma,Volador,430,78,42,61,83,127,39,4,Falso
503,Agualín,Psíquico,Eléctrico,374,55,123,42,39,36,79,4,Falso
504,Mocator,Normal,,536,102,54,40,109,125,106,4,Falso
505,Pavisar,Normal,Roca,375,97,23,31,84,63,77,4,Falso
506,Zelitzin,Lucha,Psíquico,566,29,102,110,81,119,125,4,Falso
507,Drechirón,Volador,Siniestro,365,26,94,85,28,22,110,4,Falso
508,Voloble,Agua,Hada,375,27,97,102,62,44,43,4,Falso
509,Bracanta,Siniestro,,406,37,92,53,85,46,93,4,Falso
510,Piperón,Bicho,Roca,475,95,119,97,43,20,101,4,Falso
511,Ixivitor,Hielo,,495,112,120,60,59,33,111,4,Falso
512,Pacatzin,Agua,Dragón,535,41,86,106,106,70,126,4,Falso
513,Chamorón,Veneno,Volador,490,109,70,77,75,93,66,4,Falso
514,Lupesar,Agua,,486,57,79,111,58,82,99,4,Falso
515,Pacalín,Bicho,,314,30,123,29,77,26,29,4,Falso
516,Jadozel,Bicho,,384,70,23,115,94,34,48,4,Falso
517,Kodozel,Bicho,,443,33,127,115,90,24,54,4,Falso
518,Terahielo,Acero,,416,50,64,46,125,50,81,5,Falso
519,Zalitzin,Tierra,Volador,617,84,115,61,136,78,143,5,Verdadero
520,Moviplanta,Tierra,Fuego,526,20,88,81,124,110,103,5,Falso
521,Saix,Psíquico,Normal,464,95,22,78,89,125,55,5,Falso
522,Zavilín,Dragón,Hielo,556,82,102,72,109,62,129,5,Falso
523,Cuepelín,Fuego,,506,84,34,28,118,124,118,5,Falso
524,Zamoble,Planta,,534,66,94,34,118,105,117,5,Falso
525,Vonezel,Fuego,,485,24,60,125,101,47,128,5,Falso
526,Chapenta,Lucha,,463,83,57,43,120,83,77,5,Falso
527,Huzutzin,Bicho,,453,42,36,72,116,70,117,5,Falso
528,Cuemonta,Bicho,Roca,582,95,80,56,129,120,102,5,Falso
529,Grutaco,Lucha,Volador,369,42,26,108,77,53,63,5,Falso
530,Xoviagua,Agua,,322,94,21,38,91,47,31,5,Falso
531,Ixinesar,Agua,Fuego,527,104,68,46,109,99,101,5,Falso
532,Zetaix,Bicho,,504,92,25,121,103,46,117,5,Falso
533,Tlalopio,Bicho,,424,50,33,119,91,37,94,5,Falso
534,Pivitzin,Fuego,Siniestro,422,22,86,74,84,94,62,5,Falso
535,Tlasar,Acero,Siniestro,527,33,40,99,109,129,117,5,Falso
536,Queloix,Agua,Volador,464,45,114,48,64,108,85,5,Falso
537,Telosar,Fantasma,Eléctrico,557,66,110,128,99,121,33,5,Falso
538,Vocazel,Psíquico,Eléctrico,566,123,52,85,108,81,117,5,Falso
539,Cuechizel,Acero,,302,28,72,93,41,27,41,5,Falso
540,Tlamolín,Normal,,411,71,26,39,58,119,98,5,Falso
541,Lulipio,Bicho,,479,35,126,87,107,70,54,5,Falso
542,Humotzin,Veneno,,418,44,109,72,62,104,27,5,Falso
543,Zeneix,Siniestro,,537,70,83,115,100,95,74,5,Falso
544,Braloplanta,Agua,Volador,382,40,55,62,57,89,79,5,Falso
545,Vonetor,Veneno,Volador,388,50,75,60,71,34,98,5,Falso
546,Flonesar,Tierra,Volador,595,114,103,151,82,65,80,5,Verdadero
547,Kozutor,Bicho,,582,104,155,68,79,86,90,5,Verdadero
548,Tlazutor,Dragón,,463,31,121,121,67,88,35,5,Falso
549,Rihielo,Normal,Tierra,417,100,126,24,40,57,70,5,Falso
550,Gruviagua,Agua,,516,106,94,96,88,78,54,5,Falso
551,Iximoroca,Normal,Volador,473,119,76,111,61,75,31,5,Falso
552,Quevisar,Psíquico,,557,40,125,103,94,100,95,5,Falso
553,Iximon,Planta,,394,70,67,33,92,96,36,5,Falso
554,Lurarón,Roca,,398,30,77,75,61,47,108,5,Falso
555,Chachible,Lucha,,386,117,52,118,28,42,29,5,Falso
556,Huchitzin,Lucha,,392,25,46,112,59,105,45,5,Falso
557,Bralirón,Normal,,553,35,129,128,92,96,73,5,Falso
558,Jaix,Planta,Eléctrico,378,55,58,107,55,41,62,5,Falso
559,Bravisar,Tierra,Volador,339,48,26,31,77,94,63,5,Falso
560,Chachisar,Roca,,601,94,125,112,73,97,100,5,Falso
561,Volizel,Agua,,551,129,112,68,53,121,68,5,Falso
562,Bralopio,Acero,,414,113,65,20,51,114,51,5,Falso
563,Xochible,Psíquico,Planta,278,46,36,30,54,88,24,5,Falso
564,Gruperoca,Fuego,,619,95,115,106,130,68,105,5,Verdadero
565,Tevimon,Psíquico,Bicho,507,46,119,130,64,36,112,5,Falso
566,Tetaco,Psíquico,Dragón,332,82,33,127,26,38,26,5,Falso
567,Chalitzin,Normal,,511,80,67,122,129,55,58,5,Falso
568,Koco,Volador,Fantasma,512,76,83,70,120,72,91,5,Falso
569,Lulisar,Agua,Normal,450,124,54,38,56,63,115,5,Falso
570,Luneix,Normal,,513,105,124,125,68,41,50,5,Falso
571,Ixinetzin,Agua,Roca,472,64,129,20,75,115,69,5,Falso
572,Mocatzin,Eléctrico,,446,40,114,52,91,74,75,5,Falso
573,Drezulín,Fantasma,,481,42,110,59,112,45,113,5,Falso
574,Tladotor,Tierra,Agua,456,99,123,95,26,59,54,5,Falso
575,Nuvible,Planta,,463,58,120,33,127,78,47,5,Falso
576,Lulimon,Agua,,394,126,22,32,89,98,27,5,Falso
577,Nucaco,Planta,,401,104,65,28,36,112,56,5,Falso
578,Cuelizel,Agua,,408,84,50,38,96,70,70,5,Falso
579,Salinta,Normal,Volador,362,48,74,25,66,96,53,5,Falso
580,Tlavinta,Hielo,,537,54,112,73,123,95,80,5,Falso
581,Bralomon,Planta,,417,58,119,24,62,36,118,5,Falso
582,Xovitzin,Veneno,Normal,408,20,63,59,75,122,69,5,Falso
583,Flozulín,Psíquico,Volador,445,119,86,127,32,59,22,5,Falso
584,Quezupio,Fantasma,,301,89,63,27,24,26,72,5,Falso
585,Saco,Fuego,,308,79,38,88,40,39,24,5,Falso
586,Zanetzin,Psíquico,,462,74,36,82,75,116,79,5,Falso
587,Ixitator,Siniestro,Lucha,495,110,37,66,107,105,70,5,Falso
588,Chazunta,Normal,Eléctrico,429,56,121,72,22,80,78,5,Falso
589,Cuedoco,Psíquico,Bicho,450,39,57,103,87,61,103,5,Falso
590,Tecaco,Planta,Agua,411,123,62,73,62,32,59,5,Falso
591,Teble,Normal,,364,41,42,66,101,51,63,5,Falso
592,Jamon,Lucha,Psíquico,412,31,124,77,30,64,86,5,Falso
593,Saneix,Bicho,Fantasma,458,107,50,113,92,72,24,5,Falso
594,Pavico,Psíquico,,391,93,20,62,59,110,47,5,Falso
595,Kovitzin,Bicho,,397,116,61,108,63,20,29,5,Falso
596,Javiix,Agua,Hada,524,85,88,112,62,47,130,5,Falso
597,Janezel,Planta,,535,114,43,66,115,91,106,5,Falso
598,Braliroca,Volador,,495,68,121,82,87,67,70,5,Falso
599,Flomoagua,Normal,Volador,448,115,43,114,50,91,35,5,Falso
600,Teloix,Tierra,Acero,539,110,21,114,118,124,52,5,Falso
601,Teralín,Normal,Volador,454,111,117,48,39,74,65,5,Falso
602,Vomotzin,Volador,Psíquico,497,89,97,40,53,97,121,5,Falso
603,Xozuble,Volador,,529,118,55,55,129,51,121,5,Falso
604,Xopelín,Tierra,,462,47,98,62,83,46,126,5,Falso
605,Piralín,Agua,Roca,419,63,74,58,57,93,74,5,Falso
606,Luzel,Fuego,Hada,311,32,53,81,45,79,21,5,Falso
607,Grutor,Agua,Tierra,281,47,26,40,65,24,79,5,Falso
608,Tlapeix,Agua,,463,55,129,33,39,96,111,5,Falso
609,Sapezel,Roca,,328,108,42,55,46,37,40,5,Falso
610,Kochizel,Agua,,412,60,118,57,59,86,32,5,Falso
611,Floramon,Fuego,,370,54,71,33,120,65,27,5,Falso
612,Sazuzel,Dragón,,500,118,48,75,127,70,62,5,Falso
613,Zezumon,Agua,,609,104,48,124,124,85,124,5,Falso
614,Grurasar,Fuego,Normal,334,58,33,49,64,56,74,5,Falso
615,Flozutzin,Veneno,,541,48,106,93,63,112,119,5,Falso
616,Teix,Normal,Roca,402,28,27,116,45,110,76,5,Falso
617,Ixipeix,Hielo,Veneno,389,71,125,56,76,31,30,5,Falso
618,Lupeix,Siniestro,Eléctrico,390,106,38,57,21,118,50,5,Falso
619,Pilipio,Planta,Normal,293,54,36,28,118,36,21,5,Falso
620,Vonesar,Roca,,391,91,39,21,38,103,99,5,Falso
621,Javipio,Eléctrico,Planta,488,28,79,82,116,108,75,5,Falso
622,Cueble,Bicho,,614,120,88,122,88,106,90,5,Falso
623,Chacamon,Normal,Fantasma,474,66,27,98,71,115,97,5,Falso
624,Grunenta,Agua,Eléctrico,486,88,36,104,76,72,110,5,Falso
625,Zapesar,Normal,,452,100,123,38,46,91,54,5,Falso
626,Palofuego,Bicho,,442,21,70,126,61,72,92,5,Falso
627,Tenerón,Agua,Siniestro,425,35,44,130,75,28,113,5,Falso
628,Cuevizel,Eléctrico,,418,77,26,66,75,80,94,5,Falso
629,Nutzin,Bicho,Normal,569,93,81,95,58,115,127,5,Falso
630,Pirarón,Dragón,Tierra,757,101,90,151,135,137,143,5,Verdadero
631,Bradopio,Tierra,Bicho,462,118,54,67,79,60,84,5,Falso
632,Xonemon,Agua,,404,84,58,38,110,54,60,5,Falso
633,Jadotzin,Bicho,Volador,557,106,44,125,80,92,110,5,Falso
634,Xovizel,Agua,,408,35,95,51,126,76,25,5,Falso
635,Luzuco,Agua,Psíquico,361,109,78,41,27,75,31,5,Falso
636,Komosar,Roca,Psíquico,537,76,50,68,122,110,111,5,Falso
637,Chalizel,Bicho,,414,55,91,97,59,84,28,5,Falso
638,Chachitzin,Acero,Volador,414,98,84,38,97,30,67,5,Falso
639,Gruzel,Dragón,Volador,524,107,54,100,129,89,45,5,Falso
640,Tecapio,Agua,Bicho,346,22,21,94,74,25,110,5,Falso
641,Kolozel,Fuego,Veneno,424,54,59,110,26,92,83,5,Falso
642,Teraix,Tierra,,425,23,117,120,22,111,32,5,Falso
643,Zavizel,Agua,Volador,474,56,109,89,51,86,83,5,Falso
644,Ixidofuego,Agua,Volador,468,80,120,38,113,36,81,5,Falso
645,Tenta,Volador,,435,109,24,124,82,71,25,5,Falso
646,Zacaco,Fantasma,Bicho,400,64,112,37,65,67,55,5,Falso
647,Branta,Tierra,Volador,496,73,37,119,84,115,68,5,Falso
648,Tlalín,Agua,,481,109,45,88,76,104,59,5,Falso
649,Nuralín,Normal,,425,54,64,53,114,110,30,5,Falso
650,Vocahielo,Roca,,535,93,126,86,61,43,126,5,Falso
651,Chavimon,Acero,Agua,599,88,123,123,81,118,66,5,Falso
652,Quezurón,Normal,Volador,444,100,87,61,116,56,24,5,Falso
653,Modoble,Eléctrico,,630,115,99,89,105,100,122,5,Falso
654,Techible,Agua,Eléctrico,444,63,35,106,72,104,64,5,Falso
655,Jamoco,Psíquico,,451,104,117,34,72,31,93,5,Falso
656,Tlacatzin,Eléctrico,,495,118,127,35,45,108,62,5,Falso
657,Ixichitzin,Roca,,538,90,85,89,84,66,124,5,Falso
658,Zanetor,Agua,Normal,549,66,92,124,31,130,106,5,Falso
659,Pilimon,Dragón,,559,100,119,38,71,109,122,5,Falso
660,Tlapetzin,Tierra,Volador,445,20,117,56,68,123,61,5,Falso
661,Xorón,Eléctrico,,450,96,78,57,111,44,64,5,Falso
662,Hutapio,Normal,,497,111,115,80,58,40,93,5,Falso
663,Pacator,Siniestro,,434,86,100,72,122,24,30,5,Falso
664,Rocarón,Hada,Fantasma,393,96,52,40,39,75,91,5,Falso
665,Hulolín,Siniestro,,516,101,54,79,99,72,111,5,Falso
666,Cuevisar,Acero,,413,52,90,75,46,79,71,6,Falso
667,Korable,Agua,Fantasma,556,103,85,49,97,123,99,6,Falso
668,Chanta,Siniestro,,335,56,70,56,20,98,35,6,Falso
669,Luviix,Agua,Volador,398,26,45,88,87,37,115,6,Falso
670,Chachipio,Planta,,296,59,26,28,84,61,38,6,Falso
671,Mochitzin,Veneno,Tierra,397,58,64,21,116,59,79,6,Falso
672,Kocazel,Tierra,Agua,452,124,96,32,103,48,49,6,Falso
673,Ixidotor,Planta,,387,32,102,109,21,84,39,6,Falso
674,Temoco,Eléctrico,,519,26,76,101,97,128,91,6,Falso
675,Hucarón,Eléctrico,Planta,526,20,120,39,122,119,106,6,Falso
676,Monesar,Siniestro,Bicho,509,55,97,72,31,125,129,6,Falso
677,Zevible,Agua,,482,63,122,103,63,46,85,6,Falso
678,Hurasar,Hada,Volador,400,97,65,92,71,47,28,6,Falso
679,Aguatzin,Roca,Bicho,490,41,95,121,110,75,48,6,Falso
680,Ludonta,Tierra,,218,42,22,33,60,20,41,6,Falso
681,Plantarón,Acero,,368,116,37,28,91,47,49,6,Falso
682,Jacanta,Fuego,,422,83,20,125,60,29,105,6,Falso
683,Vocamon,Eléctrico,,519,58,113,86,77,107,78,6,Falso
684,Flolinta,Fantasma,Psíquico,428,55,67,53,100,87,66,6,Falso
685,Komozel,Acero,,416,109,47,72,41,105,42,6,Falso
686,Zesar,Agua,Eléctrico,371,59,40,62,101,44,65,6,Falso
687,Rocator,Agua,,408,45,47,79,116,63,58,6,Falso
688,Pirapio,Agua,,587,51,107,128,86,91,124,6,Falso
689,Koranta,Agua,,432,22,122,76,79,95,38,6,Falso
690,Ludoix,Agua,,369,46,51,40,83,28,121,6,Falso
691,Satalín,Fuego,Hielo,648,121,116,124,85,130,72,6,Falso
692,Cuecatzin,Fantasma,Fuego,290,75,26,54,68,45,22,6,Falso
693,Luloco,Psíquico,,544,98,127,122,39,96,62,6,Falso
694,Jalolín,Agua,,416,54,60,27,114,43,118,6,Falso
695,Flozupio,Dragón,Volador,527,112,125,46,89,94,61,6,Falso
696,Votapio,Fuego,,460,87,78,26,88,120,61,6,Falso
697,Vomolín,Siniestro,Roca,531,111,115,28,21,126,130,6,Falso
698,Kovitor,Eléctrico,,560,106,96,117,90,90,61,6,Falso
699,Drerapio,Bicho,,502,113,49,103,43,121,73,6,Falso
700,Palorón,Eléctrico,Agua,523,95,49,104,87,83,105,6,Falso
701,Xomomon,Lucha,Hada,565,108,98,101,107,86,65,6,Falso
702,Bralitzin,Agua,Tierra,530,67,114,94,83,56,116,6,Falso
703,Rizuplanta,Roca,,305,26,122,24,38,53,42,6,Falso
704,Xonezel,Volador,,416,27,53,33,108,128,67,6,Falso
705,Zepetor,Planta,Normal,459,65,59,107,82,99,47,6,Falso
706,Votatzin,Psíquico,Hada,463,85,74,57,101,26,120,6,Falso
707,Aguator,Acero,Agua,266,26,64,41,54,26,55,6,Falso
708,Tlapio,Volador,,431,83,111,44,43,35,115,6,Falso
709,Xonesar,Eléctrico,Veneno,410,31,85,89,43,64,98,6,Falso
710,Moranta,Normal,Agua,289,49,39,34,101,37,29,6,Falso
711,Quezufuego,Agua,,403,50,36,24,96,113,84,6,Falso
712,Satarón,Hada,,488,97,113,46,66,52,114,6,Falso
713,Brazuix,Normal,Acero,488,31,113,97,126,59,62,6,Falso
714,Floranta,Agua,,446,113,121,44,46,69,53,6,Falso
715,Floraco,Psíquico,,424,31,129,81,30,99,54,6,Falso
716,Rilisar,Roca,Fantasma,355,124,53,41,56,48,33,6,Falso
717,Tepetzin,Bicho,Planta,544,40,36,111,107,120,130,6,Falso
718,Zasar,Normal,,541,68,103,73,121,92,84,6,Falso
719,Rinerón,Agua,Volador,548,120,48,60,86,117,117,6,Falso
720,Pichimon,Dragón,Fantasma,355,112,96,27,33,55,32,6,Falso
721,Aguasar,Tierra,Volador,440,127,48,33,75,30,127,6,Falso
722,Xomoco,Acero,Bicho,460,111,87,100,44,54,64,6,Falso
723,Chadonta,Roca,,468,50,22,84,107,117,88,6,Falso
724,Floliix,Roca,,582,113,120,86,95,82,86,6,Falso
725,Nunepio,Fantasma,,395,116,30,30,57,89,73,6,Falso
726,Nurapio,Psíquico,,413,61,86,42,41,53,130,6,Falso
727,Pilinta,Agua,Normal,488,106,116,55,116,52,43,6,Falso
728,Nurator,Acero,,432,67,114,50,93,86,22,6,Falso
729,Plantasar,Agua,,477,119,93,87,63,79,36,6,Falso
730,Luble,Psíquico,Volador,485,74,80,58,127,109,37,6,Falso
731,Pamotor,Normal,,360,60,65,24,67,94,50,6,Falso
732,Flopeco,Agua,Planta,386,110,73,52,78,49,24,6,Falso
733,Huchiix,Hielo,,404,45,123,51,86,54,45,6,Falso
734,Nulosar,Psíquico,Lucha,609,62,122,123,63,142,97,6,Verdadero
735,Ixinta,Fuego,,461,44,42,26,114,121,114,6,Falso
736,Grurable,Psíquico,Bicho,438,25,122,47,112,65,67,6,Falso
737,Mopio,Psíquico,Agua,497,24,99,120,65,110,79,6,Falso
738,Huviix,Bicho,,375,115,26,59,28,50,97,6,Falso
739,Tlazel,Psíquico,Hielo,349,55,29,99,45,89,32,6,Falso
740,Xomosar,Planta,Psíquico,447,78,70,99,117,50,33,6,Falso
741,Rilomon,Normal,,422,58,98,53,84,44,85,6,Falso
742,Grulotzin,Fantasma,,330,54,29,85,42,25,95,6,Falso
743,Drecazel,Acero,,385,44,90,96,62,50,43,6,Falso
744,Grutanta,Tierra,,529,68,93,110,64,128,66,6,Falso
745,Japenta,Hada,,777,165,147,136,120,101,108,6,Verdadero
746,Pacanta,Agua,Veneno,544,103,75,127,26,85,128,6,Falso
747,Cuerable,Psíquico,,426,106,86,99,20,77,38,6,Falso
748,Zecaix,Dragón,,761,116,141,148,93,96,167,6,Verdadero
749,Xotator,Eléctrico,,511,90,102,59,129,86,45,6,Falso
750,Aguaco,Lucha,,362,32,117,79,71,21,42,6,Falso
751,Zazurón,Fuego,,861,140,114,151,136,170,150,6,Verdadero
752,Rizel,Fantasma,Fuego,650,155,94,63,162,86,90,6,Verdadero
753,Picamon,Bicho,Acero,482,62,130,57,28,121,84,6,Falso
754,Hielosar,Fantasma,Roca,437,89,25,65,93,68,97,6,Falso
755,Tlarasar,Lucha,Volador,479,42,107,105,59,103,63,6,Falso
756,Flopetzin,Hielo,,354,59,46,43,99,75,32,6,Falso
757,Zataplanta,Fantasma,Eléctrico,507,105,78,68,129,40,87,6,Falso
758,Cuenerón,Psíquico,,580,124,49,128,104,85,90,6,Falso
759,Cuelipio,Agua,,418,26,67,56,72,124,73,6,Falso
760,Mochitor,Eléctrico,Psíquico,569,89,96,102,130,107,45,6,Falso
761,Zamorón,Fantasma,,411,25,87,27,114,95,63,6,Falso
762,Zalorón,Acero,Volador,469,34,55,125,31,129,95,6,Falso
763,Tlachipio,Dragón,,580,82,122,76,55,127,118,6,Falso
764,Nucatzin,Fantasma,Normal,362,34,25,20,31,127,125,6,Falso
765,Tlavipio,Agua,Bicho,452,61,120,75,50,120,26,6,Falso
766,Kotaix,Tierra,Volador,460,95,38,103,115,31,78,6,Falso
767,Vopemon,Hada,Bicho,498,107,73,43,84,98,93,6,Falso
768,Cueloble,Fuego,,340,34,22,51,69,103,61,6,Falso
769,Grupepio,Normal,Acero,478,78,114,48,128,39,71,6,Falso
770,Zataix,Psíquico,,554,94,113,43,87,100,117,6,Falso
771,Korarón,Agua,,420,101,34,84,112,38,51,6,Falso
772,Cueix,Fantasma,Agua,428,35,58,124,62,51,98,6,Falso
773,Quenepio,Agua,,308,26,21,48,127,66,20,6,Falso
774,Pichible,Lucha,Normal,699,82,132,131,110,132,112,6,Verdadero
775,Grunelín,Normal,Volador,374,58,76,115,70,31,24,6,Falso
776,Queviix,Normal,Hada,455,76,92,54,96,100,37,6,Falso
777,Cuedotor,Bicho,Volador,345,24,28,68,30,66,129,6,Falso
778,Tetatzin,Bicho,,443,54,53,66,103,91,76,6,Falso
779,Zedoco,Dragón,,497,104,30,126,35,116,86,6,Falso
780,Huco,Hielo,Lucha,428,74,127,29,81,93,24,6,Falso
781,Vochipio,Dragón,Volador,533,105,111,114,47,61,95,6,Falso
782,Grupetor,Hielo,Veneno,372,55,20,24,115,34,124,6,Falso
783,Tlanelín,Fuego,Volador,615,99,75,89,119,110,123,6,Verdadero
784,Ixitzin,Tierra,Normal,653,103,122,69,114,123,122,6,Falso
785,Plantaix,Bicho,Fantasma,425,46,24,98,83,103,71,6,Falso
786,Aguarón,Tierra,Volador,423,36,24,112,66,128,57,6,Falso
787,Chamomon,Normal,Agua,507,43,68,78,101,91,126,6,Falso
788,Tenehielo,Tierra,Agua,529,90,113,102,98,79,47,6,Falso
789,Flotable,Siniestro,,418,101,50,46,117,46,58,6,Falso
790,Hutable,Tierra,Volador,453,47,75,118,97,51,65,6,Falso
791,Zamopio,Psíquico,Planta,382,42,109,26,53,72,80,6,Falso
792,Lunehielo,Eléctrico,Planta,455,85,95,34,58,123,60,6,Falso
793,Chanerón,Tierra,Roca,309,38,22,63,44,21,121,6,Falso
794,Rilico,Normal,Volador,547,95,41,123,53,120,115,6,Falso
795,Mopemon,Bicho,Siniestro,537,85,41,96,87,126,102,6,Falso
796,Ripeplanta,Planta,,382,66,72,78,31,60,75,6,Falso
797,Nutarón,Eléctrico,Fantasma,740,164,161,149,127,75,64,6,Verdadero
798,Komotzin,Roca,Volador,550,68,101,37,114,115,115,6,Falso
799,Sazusar,Volador,Agua,711,94,137,89,97,149,145,6,Verdadero
800,Kopetor,Agua,,413,42,43,39,74,90,125,6,Falso
